source,keyword,title,text,url,created_utc,score
Reddit,earthquake,Man senses an earthquake right before it hits,,https://v.redd.it/kg7ltc0chetd1,2024-10-07 21:14:43,10344
Reddit,earthquake,"Magnitude 7.6 Earthquake, Davao - Philippines",,https://v.redd.it/foo2biaf0ouf1,2025-10-12 11:19:32,7932
Reddit,earthquake,Today 12 years ago Japan was rocked violently for almost 6 minutes by one of the most powerful earthquakes ever recorded.,,https://v.redd.it/607n8qiep3na1,2023-03-11 12:10:31,84159
Reddit,earthquake,Powerful Earthquake in Myanmar and Thailand. 7.7 Richter Scale in Magnitude,,https://v.redd.it/6ome6rltcere1,2025-03-28 09:10:34,23417
Reddit,earthquake,HMB while I escape an earthquake,,https://v.redd.it/9z0u2mznmqnf1,2025-09-07 12:38:50,10152
Reddit,earthquake,what a 6.8 magnitude earthquake looks like,,https://v.redd.it/94h58udvu8m91,2022-09-06 13:55:42,1701
Reddit,earthquake,Video of 7 magnitude earthquake in Taiwan (steady hands),,https://v.redd.it/iqxf375zgno91,2022-09-18 17:12:45,19296
Reddit,earthquake,Earthquake on your wedding day.,,https://v.redd.it/yobqtos2oauf1,2025-10-10 14:27:13,18683
Reddit,earthquake,"Largest earthquake in 14 years strikes off the coast of Kamchatka, Russia.",,https://i.redd.it/7rvgg2zqxwff1.png,2025-07-30 01:18:51,62773
Reddit,earthquake,"8.7 magnitude earthquake near Russia prompts tsunami alerts in Alaska, Hawaii",,https://abcnews.go.com/US/tsunami-watch-issued-hawaii-after-80-magnitude-earthquake/story?id=124190121,2025-07-30 00:51:19,33072
Reddit,flood,A sudden flood,,https://v.redd.it/lttxfqvmwobf1,2025-07-08 18:01:33,3721
Reddit,flood,Flood is creepy,,https://www.reddit.com/gallery/1ibh5nh,2025-01-27 19:06:46,524
Reddit,flood,Raging flood in Pakistan brings giant boulders down the mountain,,https://v.redd.it/4o5yoh7peepf1,2025-09-15 21:41:06,27170
Reddit,flood,Owner fills restaurant with fresh water to stop muddy flood waters from entering.,,https://v.redd.it/8fjt2tmddwte1,2025-04-09 23:53:43,114333
Reddit,flood,"Flood atma postu, en sevdiƒüiniz floodu atƒ±n",,https://i.redd.it/l8kea9kc4uwc1.jpeg,2024-04-26 14:33:58,187
Reddit,flood,Farmer drives trucks loaded with dirt into levee breach to prevent his crops from flooding,,https://v.redd.it/02dmhthjvbsf1,2025-09-30 16:22:33,43273
Reddit,flood,Demolition company tearing down White House flooded with negative reviews,,https://www.newsweek.com/demolition-company-tearing-down-white-house-flooded-negative-reviews-10911081,2025-10-21 12:19:19,24687
Reddit,flood,"Before-and-after photos from different angles show the devastation from flooding in Kipnuk, Alaska.",,https://i.redd.it/3e84xosi7ovf1.jpeg,2025-10-17 13:03:25,37800
Reddit,flood,Flood is a tone-deaf moron,,https://i.redd.it/206hs5tq97hf1.jpeg,2025-08-05 13:07:43,62561
Reddit,flood,‚ÄúGo Back‚Äù: MAGA Floods Kash Patel‚Äôs Diwali Post With Racism,,https://newrepublic.com/post/202059/maga-kash-patel-diwali-racism,2025-10-21 14:35:47,15941
Reddit,wildfire,"Insane fire truck footage shows how fast a wildfire can spread. By the time you see fire coming, you're already too close.",,https://v.redd.it/1c86t47pctxa1,2023-05-04 13:39:18,17555
Reddit,wildfire,Firestorm in Wildfire - Australia,,https://v.redd.it/u69o7chbdmf71,2021-08-05 22:59:41,11667
Reddit,wildfire,The Rookie - S07E08: Wildfire,"**S07E08:** Wildfire

**Air Date:** February 25th, 2025

**Synopsis:** Nyla remains suspicious of Liam Glasser as a wildfire erupts, causing chaos in the city; James tries to help a friend; Seth makes a costly mistake, putting two of their own in danger.

**Promo:** [Link](https://www.youtube.com/watch?v=4Ln3grgTp9Q)

**Past Episode Discussion:** [Wiki](https://www.reddit.com/r/TheRookie/wiki/index/)

  
This week we will be manually approving users posts during the blackout period. This may take some time so please be patient. As always, wait until Thursday EST before posting about this episode on the sub.

Edit: fantastic episode, unfortunately the next one (S07E09) will not air until Tuesday March 11th, 2025.",https://www.reddit.com/r/TheRookie/comments/1iyb6qs/the_rookie_s07e08_wildfire/,2025-02-26 01:01:09,167
Reddit,wildfire,How were wildfires stopped thousands of years ago?,Seriously?,https://www.reddit.com/r/askscience/comments/1n62xfp/how_were_wildfires_stopped_thousands_of_years_ago/,2025-09-01 22:36:09,853
Reddit,wildfire,So ... Wildfire,"Thank you FS for the update, some nice stuff there. But ... could the Psyker talent *""Wildfire""* be improved? Right now it is more of a meme joke, especially when compared with Empyric Shock, Warp Splitting or Crack of Bone, depending on your build of course. But even for a Inferno build it is not exaactly great.

Perhaps you can consider:

- Remove the cap of 4.
- *All* enemies get up to four soulblaze stacks, not a stack of 4 shared equally to 4 enemies, meaning everyone gets 1 stack, aka almost no damage. 
- A general rework to work more with other staffs except Inferno + Trauma+Blessing. Right half of this talent line is for melee, so the other half could be generic staff talents perhaps?

SYL",https://www.reddit.com/r/DarkTide/comments/1nou8fv/so_wildfire/,2025-09-23 21:38:13,24
Reddit,wildfire,Stupidity spreading like wildfire,,https://i.redd.it/7a8hveb87brf1.jpeg,2025-09-25 13:02:05,21650
Reddit,wildfire,A waterbomber refills in a lake to continuing fighting the wildfires in Canada,,https://v.redd.it/2n9er5581eif1,2025-08-11 12:56:36,43552
Reddit,wildfire,Border Patrol agents arrested firefighters fighting Washington wildfire after they asked the fire crew to line up to check their IDs.,,https://i.redd.it/yiib4fwkcrlf1.png,2025-08-28 12:56:28,24498
Reddit,wildfire,Federal Agents Arrest Firefighters Working on Bear Gulch Wildfire in Washington State,,https://www.hstoday.us/cbp/federal-agents-arrest-firefighters-working-on-bear-gulch-wildfire-in-washington-state/,2025-08-28 16:30:52,19944
Reddit,wildfire,AIO - My ‚Äúfriend‚Äù wants to kick me out after I lost my home in the LA wildfire,"Throwaway account, my main has too much personal shit on it.


Long story short, I‚Äôve known this dude for 15 years‚Ä¶ he‚Äôs always been a little flakey but we‚Äôve been friends forever‚Ä¶ when he lost everything I gave him a place to sleep and live, I literally didn‚Äôt charge him a cent until he figured his life out and moved out. 

I, like many others, lost my home in the LA wildfires. You can‚Äôt even imagine how fucking terrible this has been for so many of us. I‚Äôve literally been in tears most days‚Ä¶ I have nothing except a car and some clothes‚Ä¶ I‚Äôve only been staying on his fucking couch for less than 2 weeks, but he has zero awareness.. suddenly it‚Äôs 3 fucking weeks, and now there‚Äôs a mystery girl who has priority. I‚Äôm just sad man. This dude was my friend. I feel betrayed. 

Am I overreacting here or am I in the right to be absolutely pissed and want to remove him permanently from my life after this ?",https://www.reddit.com/gallery/1iazjin,2025-01-27 04:14:26,64028
Reddit,tsunami,Footage from a ship riding over the tsunami waves that hit Japan in 2011,,https://v.redd.it/9yb9j1imrz5f1,2025-06-10 00:08:14,48642
Reddit,tsunami,"Probably my favorite tsunami footage of all time, and I spent a lot of time making sure it is real. Man walking his dog captures the moment tsunami waves reach Russia's Kamchatka Peninsula",,https://v.redd.it/2187c12suorf1,2025-09-27 11:12:24,3522
Reddit,tsunami,Tsunami in the making,,https://v.redd.it/snqu8fhducac1,2024-01-04 04:57:12,35270
Reddit,tsunami,1 minute before tsunami hit,"This event happened in Japan in 2011. About 20000 people were killed , hundreds of thousands of buildings were destroyed and an estimated 220 billion (USD ) in damages. ",https://v.redd.it/67rnaijf4kme1,2025-03-03 23:12:59,1292
Reddit,tsunami,How a tsunami occurs (Animation),,https://v.redd.it/b8aanwnlv47b1,2023-06-20 08:28:22,6108
Reddit,tsunami,Terrifying footage of tsunami hitting a beach,,https://v.redd.it/p3rxo0x2rou81,2022-04-20 13:27:13,46236
Reddit,tsunami,Minutes before tsunami. ,,https://v.redd.it/7owqrs80n5td1,2024-10-06 15:31:14,8861
Reddit,tsunami,An actual footage of a tsunami ,,https://v.redd.it/wc5p1in4oihc1,2024-02-09 08:01:28,7618
Reddit,tsunami,"Almost 20 years have passed since the 2004 Indian Ocean Tsunami killed over 220,000 people in Indonesia, Sri Lanka, India, Thailand, and beyond.",,https://v.redd.it/jjc8f01lun7e1,2024-12-18 19:42:55,2295
Reddit,tsunami,"""Fascinating insights into the most powerful tsunamis that have ever impacted the Earth""",,https://v.redd.it/eoljgoseqsrd1,2024-09-29 19:05:15,1831
Reddit,cyclone,Cyclone 3.27 - will it be a good starter?,"Looking to start cyclone for this league. Plan is start cyclone shockwave and then into tumult impale. Question is, will this be good or should I focus on a different starter? ",https://www.reddit.com/r/PathOfExileBuilds/comments/1ohngxj/cyclone_327_will_it_be_a_good_starter/,2025-10-27 19:09:43,28
Reddit,cyclone,3.27 Cyclone Shockwave Slayer - League Starter Guide,"After two leagues of testing and doing a private-league SSF test this past week on a fresh character, as well as reviewing the 3.27 patch notes, the Cyclone Shockwave Slayer remains a solid league starter with some nice buffs for Keepers of the Flame!

**POB:** [https://pobb.in/NBZaQ1dorGCw](https://pobb.in/NBZaQ1dorGCw)

**Guide Video:** [https://www.youtube.com/watch?v=83A0g7M02Q8](https://www.youtube.com/watch?v=83A0g7M02Q8)

**SSF Leveling:** [https://www.youtube.com/watch?v=BqPCSF5-dwA&t=24407s](https://www.youtube.com/watch?v=BqPCSF5-dwA&t=24407s)

**3.27 Changes:**

* Cyclone: Now deals 20% more Damage at all gem levels!
* Cyclone of Tumult: Now deals 20% more Damage at all gem levels!

Core mechanics, gear, and passive tree remain the same from 3.26. The revamped Breach mechanic should be a blast with the build. League starts October 31st - see you in Wraeclast!",https://www.reddit.com/r/PathOfExileBuilds/comments/1oer4x1/327_cyclone_shockwave_slayer_league_starter_guide/,2025-10-24 07:13:09,296
Reddit,cyclone,I play only cyclone. Nothing but cyclone since its creation. Recommend me a cyclone build this league,I love cyclone,https://www.reddit.com/r/PathOfExileBuilds/comments/1oes9l8/i_play_only_cyclone_nothing_but_cyclone_since_its/,2025-10-24 08:28:37,67
Reddit,cyclone,Why do people thinks Cyclone is bad?,"To be honest, I have been playing Cyclone of Tumult for 4 leagues now, and I have been able to farm ubers and cleared almost all of endgame activities except ultimatum, using Voidforge convert cyclone. After the past league buff, it was great, but a 20% buff on all levels is an insane buff. Why do people think Cyclone is bad? I always see people thinking it's garbage, and I'm feeling like I'm missing something... it has been a solid league starter for me so far..

Here is a clip of Uber Shaper giving a purity or flame sublime as proof of cyclone being good: spin to win my dudes. the pob is this one: [https://pobb.in/LgYViz6v2qVO](https://pobb.in/LgYViz6v2qVO) if you want to check for the profile in poe ninja is suirei   last snapshot week 14, there you can see the upgrade timelapse

https://reddit.com/link/1ofihpk/video/ntk6l45sq6xf1/player",https://www.reddit.com/r/pathofexile/comments/1ofihpk/why_do_people_thinks_cyclone_is_bad/,2025-10-25 04:29:43,0
Reddit,cyclone,Pilot aborts landing at the last second when a Cyclone hits Chennai airport and saves the day! ,,https://v.redd.it/ix5dc40zgc4e1,2024-12-02 02:14:48,8936
Reddit,cyclone,Cyclone Boys! Rejoice!,,https://i.redd.it/q86upapmsxwf1.png,2025-10-23 22:22:02,172
Reddit,cyclone,"Cyclone slayers, how's it going?","I'll probably league start tomorrow or the day after, I wanted to go cyclone slayer since I haven't played it since many years. How does it do with league content?",https://www.reddit.com/r/PathOfExileBuilds/comments/1omoepz/cyclone_slayers_hows_it_going/,2025-11-02 18:10:49,0
Reddit,cyclone,Cyclone league start,"I'm a guy that plays just melee, I like classes having certain play styles such as I want to be a gladiator and dual wield swords or axes, a berserker to me would be weilding a big two handed weapon etc. I know poe is about thinking outside the box to create builds and use whatever the best form of defense and offense is.I wanna either dual weild or use a two handed weapon and spin to win. Don't like using shield either lol

I hate the fact the best form of a physical damage for cyclone and have good survivability is using a staff and use shockwave. Spinning and hitting people with a big stick just doesn't do it for me.  If I'm going shockwave I want to be using a two handed Mace. I went champion cyclone last league using a sword and went crit impale but struggled once I got up to 16.5 maps and didnt have the survivability to do t17. I could clear the map bosses would destroy me.

 Should I just stop being weird about class fantasy and use a staff or are there any builds that I could go gladiator and dual weild or berskerer and use a big two handeder.",https://www.reddit.com/r/pathofexile/comments/1ok6ecm/cyclone_league_start/,2025-10-30 17:43:01,0
Reddit,cyclone,RF Chieftan or Cyclone Shockwave Slayer,"Really having a hard time deciding between these two builds. I've never league started either of them, but I have played them both. I'm worried Cyclone is going to be weak, but really all I need is a currency farmer that can do juiced T16s. Does RF scale better, or is Cyclone good enough? I'm mostly worried it doesn't scale as well in the end game, but I feel like neither build is gonna be doing T17s or Uber bosses without a ton of investment so I might as well play the slightly more interesting build.",https://www.reddit.com/r/PathOfExileBuilds/comments/1ohutoe/rf_chieftan_or_cyclone_shockwave_slayer/,2025-10-28 00:01:19,4
Reddit,cyclone,Cyclone Shockwave Slayer - Bloodline Ascendancy thoughts?,"Hey all. I am going to be rolling a Cyclone Shockwave Slayer this league in SSF.

I was looking at the bloodlines and was wondering if there's anything looking good there for this class?

I was thinking that maybe losing Impact (AOE, dmg, accuracy) might be worth it in favor of the Delirious Bloodline. Specifically taking the Schizophrenia Dissociation node, which provides a whole **40% less damage taken from hits**.

The damage instead comes during the next 4 seconds. Which should be mitigated easily with the great life leech the build has.

My thinking is that both AOE, 15% damage, and accuracy are all nice to have, but nothing more. While 40% less damage taken from most damage sources is just huge.

There's also the downside of no Jewel effects. But in my experience it takes a very long time to have good Jewels in SSF.

Thoughts about my idea, or anything else I might've missed?",https://www.reddit.com/r/PathOfExileBuilds/comments/1okxt6g/cyclone_shockwave_slayer_bloodline_ascendancy/,2025-10-31 15:34:53,1
Reddit,landslide,The scale of this landslide. Damn.,,https://v.redd.it/kh0oq83nvro91,2022-09-19 08:02:12,4480
Reddit,landslide,Giant landslide makes lake disappear,,https://v.redd.it/ptr6yzn9joz81,2022-05-15 18:04:04,31972
Reddit,landslide,Landslide,,https://v.redd.it/fjs4d8het9g91,2022-08-07 10:45:26,2755
Reddit,landslide,Landslide Promotional Reward,"Anyone know how to get this skin? Where was this ""promotion""?",https://i.redd.it/xzy3eyg35cwf1.png,2025-10-20 21:33:03,1
Reddit,landslide,Landslide! Let‚Äôs get a closer look!,,https://v.redd.it/fu4ss5c63feb1,2023-07-27 02:17:27,901
Reddit,landslide,What a horrifying Landslide.,,https://v.redd.it/cl6xonzwqbq81,2022-03-29 13:27:11,288
Reddit,landslide,In your opinion what was the last modern electoral landslide?,,https://www.reddit.com/gallery/1c407jg,2024-04-14 18:21:11,78
Reddit,landslide,Destructive power of a landslide,,https://v.redd.it/baptdfx835s81,2022-04-07 17:11:28,390
Reddit,landslide,Trump Suffers Bloody Nose as Virginia Flips Dem in a Landslide,,https://www.thedailybeast.com/trump-suffers-bloody-nose-as-virginia-flips-dem-in-a-landslide/,2025-11-05 01:38:50,22194
Reddit,landslide,"A huge landslide causes homes and land to plunge into the sea, Norway.",,https://v.redd.it/0jfl46qdzdmf1,2025-08-31 17:02:51,38257
Reddit,volcano,Is Volcano safe (is it a virus) ?,"Woah. Been a while since last time.

Was interested in a roblox game , so I got curious & decided to give a look at its code.

I started with Fluxus , then used Celery , and now I found out about Volcano. But is it safe ?",https://www.reddit.com/r/robloxhackers/comments/1nzohw7/is_volcano_safe_is_it_a_virus/,2025-10-06 16:51:06,2
Reddit,volcano,Man in Indonesia captured exact moment a volcano erupted within its caldera,,https://v.redd.it/gdvmwlq5fqge1,2025-02-02 14:00:47,96375
Reddit,volcano,What happens when a rock is thrown into a volcano from a height?,,https://v.redd.it/pl40yqhckl091,2022-05-20 09:11:29,115003
Reddit,volcano,Volcano erupts as he proposes. Incredible!,,https://v.redd.it/gnyaazwvg1vf1,2025-10-14 08:34:58,12950
Reddit,volcano,The dangers of hiking an active volcano,,https://v.redd.it/eh800wen827e1,2024-12-15 19:02:31,1984
Reddit,volcano,Volcano Devs has my OF pictures,"This is truely a unfortunate time for the roblox exploiting community and im here to share my experience.... 

https://preview.redd.it/tnzj2rpk7mqf1.png?width=1204&format=png&auto=webp&s=d2ea40fedfdf37ccdbe1c99146a73e5468abb77b

",https://www.reddit.com/r/robloxhackers/comments/1nn8wae/volcano_devs_has_my_of_pictures/,2025-09-22 00:59:32,2
Reddit,volcano,this is volcano everybody üíî,best executor with no vulnerabilities whatsoever fr (stolen from a friend called x7z.py on discord lol),https://v.redd.it/audqwyogqwxf1,2025-10-28 19:55:02,2
Reddit,volcano,Volcano Is Not Malware,"Keep in mind that following people's verdicts without any proof from them, and/or making your own verdict without explanation is stupid. Listen to your teachers, kids.

**Clearing Some Information**

**1. Does Volcano log my information?**  
No. Volcano does not in anyway log your personal information. Anybody saying it does is fabricated. I can prove this with a few points.

* Refer To Image 1: **12 to 12** (or dsds) was the original person providing statements that Volcano accessed your webcam upon external analysis. dsds however did not say that Volcano itself was malicious, or log information. The only people saying it did infact log information lied.
* Virustotal and Triage Scan: Using these two websites, we can identify that the only websites that Volcano accesses is [file.volcano.wtf](http://file.volcano.wtf), with the only purpose to get the Version file. This completely debunks the accusation of ""Volcano sending information to a remote server"" or ""Quietly collect your personal information"".
* WhatExploitsAreOnline: WEAO staff stated that the information may just be anti-debug, and even said that to stop calling Volcano malware.

**2. Whats with the Camera thing?**  
Volcano accessing your camera is likely just an anti-debug. Do you hear the whistle? We don't know for certain if this ""camera-flashing"" only happens for specific users. I can't completely defend Volcano though, because if this is an actual anti-tamper feature, that's immoral.

* Shouldn't this be associated with like, viruses and stuff?: No. Why would the camera only flash given only if debugged with a tool? If Volcano were malware, It would flash during regular usage, not just for people purposefully debugging it. This is also completely debunked by the 1st and 2nd point in Question 1.

That's really all I have to say, since no actual image or video proof was provided. Everything is based on hearsay and the points I have to debunk are very stale.

If you would like to provide some points, or counterarguments, please reply to the post.",https://www.reddit.com/gallery/1noe6v6,2025-09-23 10:55:01,7
Reddit,volcano,what the fuck is this(volcano created),"https://preview.redd.it/xbrn7f1rtaxf1.png?width=1101&format=png&auto=webp&s=ddfd618a10363f7b5a136164f40262dd5de0d8f1

all i did is install volcano and used key from [volcano.wtf](http://volcano.wtf) ",https://www.reddit.com/r/robloxhackers/comments/1ofygdb/what_the_fuck_is_thisvolcano_created/,2025-10-25 18:11:44,0
Reddit,volcano,Volcano may be malicious.,It scored a 9/10 in triage and prevented me from uninstalling it.,https://www.reddit.com/r/ROBLOXExploiting/comments/1m1ykp2/volcano_may_be_malicious/,2025-07-17 04:50:27,0
Reddit,storm,This is what a 15 foot hurricane storm surge looks like. It's terrifying.,,https://v.redd.it/7mrig5pbattd1,2024-10-09 23:02:46,31412
Reddit,storm,"From warning to sudden storm in seconds.
",,https://v.redd.it/h9by7gbndxcc1,2024-01-17 04:08:55,64297
Reddit,storm,Storm #4,,https://www.reddit.com/gallery/1i1jsbc,2025-01-14 23:32:25,953
Reddit,storm,Electromagnetic Storm Is Crazy!,"Man, can't wait for more crazy weather events like this. Wonder if we get a snowstorm / blizzard in December??",https://www.reddit.com/r/ArcRaiders/comments/1orc3lt/electromagnetic_storm_is_crazy/,2025-11-08 01:10:23,6
Reddit,storm,Looking for tips on the storm creatures for extreme,"Level 19ish.  Survival class.  They move so fast and don't seem to reload.  How are these best tackled?

I need them for most of the upcoming upgrades.",https://www.reddit.com/r/EscapeFromDuckov/comments/1oj3f6i/looking_for_tips_on_the_storm_creatures_for/,2025-10-29 12:40:00,6
Reddit,storm,Storms then vs now,,https://i.redd.it/xdjvgsoxozd71.png,2021-07-28 17:35:41,663
Reddit,storm,Can anyone explain how storm resistance works?,"I haven't seen anybody release a full guide to storm resistance yet, and I have some questions.

I know there is an armor set at the crossroads merchant in Warehouse area that gives you 1 lvl of storm protection (0.5 from helmet, 0.5 from armor)

I also am aware of the weak space injector that gives a temporary boost of 1 lvl.

I have heard there is a stronger spacesuit armor set which can be found in the labs red keycard room.

Information I am seeking:


-what level of protection is needed for each type of environment (phase I, phase II, storm area)


-confirmation on spawn locations for the space suit


-general tips for surviving storm",https://www.reddit.com/r/EscapeFromDuckov/comments/1oi3dyn/can_anyone_explain_how_storm_resistance_works/,2025-10-28 07:52:28,13
Reddit,storm,Any tips for killing storm enimies?,I find they demolish my duck even with level 4-5 armor& helmet.  It also seems significantly harder to kite or roll spam them.  ,https://www.reddit.com/r/EscapeFromDuckov/comments/1oa8v25/any_tips_for_killing_storm_enimies/,2025-10-18 22:06:40,5
Reddit,storm,Storm hunter saves family from tornado,Storm chaser: Freddy Mckinney. Full video: https://youtu.be/mYHfDhAinug?si=Xf_rS3ng_FnnJNph,https://v.redd.it/f03btlr9nlyf1,2025-11-01 07:38:50,24556
Reddit,storm,Unclogging a storm drain,,https://v.redd.it/bxo0o67bz8kf1,2025-08-20 22:05:14,101739
Reddit,natural disaster,Natural Disaster,,https://v.redd.it/0f8nxfeclld91,2022-07-24 23:08:31,2211
Reddit,natural disaster,üî• natural disaster compilation video,,https://v.redd.it/ldvccaawr1131,2019-05-29 00:47:20,6836
Reddit,natural disaster,"Surveillance footage captured sheep instinctively huddling together, likely as a response to an impending natural disaster, a tornado",,https://v.redd.it/twk0h40boe9f1,2025-06-27 05:28:46,1718
Reddit,natural disaster,"Redditors who have been in Natural Disasters; what was your ""Oh shit, this is real"" moment?",,https://www.reddit.com/r/AskReddit/comments/5otbkp/redditors_who_have_been_in_natural_disasters_what/,2017-01-19 00:29:39,16018
Reddit,natural disaster,Why haven‚Äôt we seen these in the  natural disaster videos,,https://v.redd.it/tk3t1te4a3tf1,2025-10-04 12:32:29,70
Reddit,natural disaster,Natural disasters close up and personal,,https://v.redd.it/4ebpuu8lnwg31,2019-08-17 00:40:01,435
Reddit,natural disaster,The deadliest known natural disasters of all time.,,https://i.imgur.com/q5LFUFP.png,2018-08-09 19:59:00,3545
Reddit,natural disaster,Trump Hasn‚Äôt Visited A Single Natural Disaster On His Watch As President,,https://www.huffpost.com/entry/trump-ignoring-disasters_n_684c8b3de4b0897e37f9f7a6,2025-06-16 12:41:47,18525
Reddit,natural disaster,Trump Hasn‚Äôt Visited A Single Natural Disaster On His Watch As President,,https://www.huffpost.com/entry/trump-ignoring-disasters_n_684c8b3de4b0897e37f9f7a6,2025-06-16 17:15:37,12915
Reddit,natural disaster,Europe doesn't have any natural disasters,,https://i.redd.it/cxo18c07jmjf1.jpeg,2025-08-17 18:35:40,3422
